{
  "timestamp": 1748453700.19089,
  "windows": {
    "crt_sh": {
      "minute": {
        "window_start": 1748446185.745265,
        "window_size": 60,
        "requests": [
          1748453553.711322,
          1748453611.831778
        ]
      },
      "hour": {
        "window_start": 1748446185.745267,
        "window_size": 3600,
        "requests": [
          1748453008.114274,
          1748453015.972588,
          1748453191.443691,
          1748453553.711322,
          1748453611.831778
        ]
      }
    },
    "bgp_he_net": {
      "minute": {
        "window_start": 1748446188.633334,
        "window_size": 60,
        "requests": [
          1748453640.8313012,
          1748453641.444942,
          1748453642.0811222,
          1748453642.7115679,
          1748453644.638813,
          1748453652.403935,
          1748453653.03602,
          1748453653.681928,
          1748453654.314141,
          1748453655.2974741,
          1748453663.5486588,
          1748453664.182131,
          1748453664.826068,
          1748453665.454112,
          1748453666.098428,
          1748453675.1639192,
          1748453675.9704971,
          1748453676.618096,
          1748453677.222647,
          1748453677.8454888,
          1748453686.7209651,
          1748453687.316755,
          1748453687.93622,
          1748453688.580054,
          1748453689.228087,
          1748453697.718718,
          1748453698.342506,
          1748453698.96014,
          1748453699.5772002,
          1748453700.1908789
        ]
      },
      "hour": {
        "window_start": 1748446188.633337,
        "window_size": 3600,
        "requests": [
          1748453008.9402492,
          1748453009.764653,
          1748453011.166228,
          1748453021.6208918,
          1748453022.259244,
          1748453040.3566122,
          1748453041.098985,
          1748453042.12791,
          1748453044.392281,
          1748453045.6246731,
          1748453051.313847,
          1748453052.4497,
          1748453053.934609,
          1748453055.8196301,
          1748453056.970517,
          1748453063.93957,
          1748453065.143946,
          1748453066.546203,
          1748453068.28576,
          1748453069.4852412,
          1748453075.370548,
          1748453076.5696,
          1748453107.406349,
          1748453108.5998359,
          1748453110.032976,
          1748453114.181292,
          1748453120.258165,
          1748453121.973236,
          1748453123.093793,
          1748453128.21502,
          1748453129.480382,
          1748453132.1314182,
          1748453133.347857,
          1748453134.926961,
          1748453140.2414641,
          1748453141.4305449,
          1748453143.611812,
          1748453144.922264,
          1748453146.112223,
          1748453151.251224,
          1748453152.4706292,
          1748453154.83408,
          1748453156.123692,
          1748453157.238175,
          1748453162.247864,
          1748453163.468589,
          1748453166.638549,
          1748453168.0611641,
          1748453169.238705,
          1748453173.387837,
          1748453174.694133,
          1748453177.894839,
          1748453179.104883,
          1748453180.255522,
          1748453184.994962,
          1748453186.346252,
          1748453189.249644,
          1748453190.36638,
          1748453191.5634801,
          1748453192.4531999,
          1748453197.41423,
          1748453200.91308,
          1748453202.072454,
          1748453203.383618,
          1748453205.8687701,
          1748453209.210788,
          1748453212.1034088,
          1748453213.4270191,
          1748453214.540941,
          1748453217.5031419,
          1748453220.7038631,
          1748453223.983743,
          1748453225.7004428,
          1748453227.0171242,
          1748453228.656584,
          1748453231.880812,
          1748453236.132372,
          1748453238.289088,
          1748453242.800086,
          1748453243.974891,
          1748453245.125346,
          1748453247.5944479,
          1748453249.492863,
          1748453254.495348,
          1748453255.628177,
          1748453256.959837,
          1748453259.115563,
          1748453261.054126,
          1748453266.706193,
          1748453268.0104399,
          1748453269.148691,
          1748453270.297985,
          1748453272.329539,
          1748453278.350702,
          1748453279.516248,
          1748453280.693012,
          1748453606.886993,
          1748453607.7065861,
          1748453608.504918,
          1748453609.314937,
          1748453610.807623,
          1748453618.076215,
          1748453618.725971,
          1748453619.360499,
          1748453620.002938,
          1748453621.986901,
          1748453629.663237,
          1748453630.291268,
          1748453630.935937,
          1748453631.577503,
          1748453632.962097,
          1748453640.8313012,
          1748453641.444942,
          1748453642.0811222,
          1748453642.7115679,
          1748453644.638813,
          1748453652.403935,
          1748453653.03602,
          1748453653.681928,
          1748453654.314141,
          1748453655.2974741,
          1748453663.5486588,
          1748453664.182131,
          1748453664.826068,
          1748453665.454112,
          1748453666.098428,
          1748453675.1639192,
          1748453675.9704971,
          1748453676.618096,
          1748453677.222647,
          1748453677.8454888,
          1748453686.7209651,
          1748453687.316755,
          1748453687.93622,
          1748453688.580054,
          1748453689.228087,
          1748453697.718718,
          1748453698.342506,
          1748453698.96014,
          1748453699.5772002,
          1748453700.1908789
        ]
      }
    },
    "cloud_detection": {
      "minute": {
        "window_start": 1748446957.4657972,
        "window_size": 60,
        "requests": [
          1748453611.317771,
          1748453611.3180768,
          1748453611.31835,
          1748453611.318609,
          1748453611.3188639,
          1748453611.3190851,
          1748453611.319356
        ]
      },
      "hour": {
        "window_start": 1748446957.465808,
        "window_size": 3600,
        "requests": [
          1748453011.519032,
          1748453011.519274,
          1748453011.5194979,
          1748453011.5197198,
          1748453011.519995,
          1748453011.520213,
          1748453011.520479,
          1748453161.1280682,
          1748453161.128159,
          1748453161.1282492,
          1748453161.128333,
          1748453161.128445,
          1748453161.128525,
          1748453161.128632,
          1748453611.317771,
          1748453611.3180768,
          1748453611.31835,
          1748453611.318609,
          1748453611.3188639,
          1748453611.3190851,
          1748453611.319356
        ]
      }
    }
  },
  "metrics": {
    "crt_sh": {
      "total_requests": 17,
      "blocked_requests": 0,
      "successful_requests": 17,
      "average_wait_time": 4.378049197839573e-06,
      "last_request_time": 1748453611.406822,
      "last_blocked_time": null
    },
    "bgp_he_net": {
      "total_requests": 457,
      "blocked_requests": 179,
      "successful_requests": 457,
      "average_wait_time": 0.25459666946664494,
      "last_request_time": 1748453699.579257,
      "last_blocked_time": 1748453689.23024
    },
    "cloud_detection": {
      "total_requests": 92,
      "blocked_requests": 2,
      "successful_requests": 92,
      "average_wait_time": 3.4034000759407557e-06,
      "last_request_time": 1748453611.3191319,
      "last_blocked_time": 1748447099.5503201
    }
  }
}